surname,condos
Rossi,Azalea
Russo,Azalea
Ferrari,Azalea
Esposito,Azalea
Bianchi,Azalea
Colombo,Azalea
Romano,Azalea
Ricci,Azalea
Gallo,Azalea
Greco,Pontelungo
Conti,Pontelungo
Marino,Pontelungo
De luca,Pontelungo
Bruno,Pontelungo
Costa,Pontelungo
Giordano,Pontelungo
Russo,Pontelungo
Rizzo,Pontelungo
Lombardi,Pontelungo
Barbieri,Pontelungo
Moretti,Pontelungo
Fontana,Condominio Le Torri
Santoro,Condominio Le Torri
Caruso,Condominio Le Torri
Mariani,Condominio Le Torri
Rinaldi,Condominio Le Torri
Martini,Condominio Le Torri
Ferrara,Condominio Le Torri
Galli,Condominio Le Torri
Leone,Condominio Le Torri
Serra,Condominio Le Torri
Conte,Condominio Le Torri
Villa,Condominio Le Torri
Marini,Condominio Le Torri
Ferri,Condominio Le Torri
Bianco,Condominio Le Torri
Monti,Condominio Le Torri
De santis,Condominio Le Torri
Parisi,Simone
Fiore,Simone
De angelis,Simone
Longo,Simone
Sanna,Simone
Sala,Simone
Romeo,Simone
Martinelli,Simone
Grassi,Simone
Russo,Simone
Marchetti,Simone
Vitale,Simone
